USE movie_mysql_db;
SET NAMES utf8mb4;

-- Reset sample data in dependency order.
SET FOREIGN_KEY_CHECKS = 0;
TRUNCATE TABLE payment_record;
TRUNCATE TABLE ticket_order;
TRUNCATE TABLE schedule;
TRUNCATE TABLE seat;
TRUNCATE TABLE hall;
TRUNCATE TABLE cinema;
TRUNCATE TABLE movie_basic;
TRUNCATE TABLE movie_user;
SET FOREIGN_KEY_CHECKS = 1;

INSERT INTO movie_user (user_id, user_md5, user_nickname, phone, email, register_time, user_status) VALUES
(1,  '0ab7e3efacd56983f16503572d2b9915', '恋丶你灬',       '13800138001', 'user01@example.com', '2024-06-15 10:22:10', 'ACTIVE'),
(2,  '5f4dcc3b5aa765d61d8327deb882cf99', '风继续吹',       '13800138002', 'user02@example.com', '2024-07-21 13:09:45', 'ACTIVE'),
(3,  '9e107d9d372bb6826bd81d3542a419d6', '月落乌啼',       '13800138003', 'user03@example.com', '2024-08-02 19:11:30', 'ACTIVE'),
(4,  'e10adc3949ba59abbe56e057f20f883e', '银河补习班',     '13800138004', 'user04@example.com', '2024-09-10 08:31:22', 'ACTIVE'),
(5,  '25d55ad283aa400af464c76d713c07ad', '海边的曼彻斯特',  '13800138005', 'user05@example.com', '2024-10-01 21:46:18', 'ACTIVE'),
(6,  'd8578edf8458ce06fbc5bb76a58c5ca4', '花火',           '13800138006', 'user06@example.com', '2024-10-29 09:05:42', 'ACTIVE'),
(7,  '96e79218965eb72c92a549dd5a330112', '逆光飞行',       '13800138007', 'user07@example.com', '2024-11-16 17:27:09', 'ACTIVE'),
(8,  '6cb75f652a9b52798eb6cf2201057c73', '河畔青芒',       '13800138008', 'user08@example.com', '2024-12-05 15:16:50', 'ACTIVE'),
(9,  'c33367701511b4f6020ec61ded352059', '等风来',         '13800138009', 'user09@example.com', '2025-01-20 11:03:27', 'ACTIVE'),
(10, 'b59c67bf196a4758191e42f76670ceba', '南方有嘉木',     '13800138010', 'user10@example.com', '2025-02-14 20:40:11', 'ACTIVE'),
(11, 'ad0234829205b9033196ba818f7a872b', '林深见鹿',       '13800138011', 'user11@example.com', '2025-02-22 09:18:34', 'ACTIVE'),
(12, '8ad8757baa8564dc136c1e07507f4a98', '晨雾之城',       '13800138012', 'user12@example.com', '2025-03-03 14:48:56', 'ACTIVE'),
(13, '45c48cce2e2d7fbdea1afc51c7c6ad26', '远山灯火',       '13800138013', 'user13@example.com', '2025-03-19 18:06:15', 'ACTIVE'),
(14, '6512bd43d9caa6e02c990b0a82652dca', '海盐汽水',       '13800138014', 'user14@example.com', '2025-04-01 10:09:02', 'ACTIVE'),
(15, 'c20ad4d76fe97759aa27a0c99bff6710', '橙子汽水',       '13800138015', 'user15@example.com', '2025-04-18 16:31:47', 'ACTIVE');

INSERT INTO movie_basic (
  movie_id, name, alias, actors, cover, directors, douban_score, douban_votes,
  genres, imdb_id, languages, mins, official_site, regions, release_date, slug,
  storyline, tags, year, actor_ids, director_ids
) VALUES
(35267208, '流浪地球2', 'The Wandering Earth II', '吴京/刘德华/李雪健/沙溢',
 'https://img1.doubanio.com/view/photo/s_ratio_poster/public/p2885955777.jpg', '郭帆', 8.3, 1325089,
 '科幻/冒险/灾难', 'tt13539646', '汉语普通话', 173, 'https://movie.douban.com/subject/35267208/', '中国大陆', '2023-01-22', 'liulangdiqiu2',
 '太阳危机升级，人类提出数字生命与移山计划，地球命运再次被改写。', '春节档/硬科幻/太空电梯/近五年经典', 2023,
 '吴京:1000525|刘德华:1054455|李雪健:1274841|沙溢:1274384', '郭帆:1348151'),

(36779979, '热辣滚烫', 'YOLO', '贾玲/雷佳音/张小斐/沙溢',
 'https://img9.doubanio.com/view/photo/s_ratio_poster/public/p2903210197.jpg', '贾玲', 7.8, 864122,
 '剧情/喜剧/运动', 'tt30953582', '汉语普通话', 129, 'https://movie.douban.com/subject/36779979/', '中国大陆', '2024-02-10', 'relagunttang',
 '宅家多年的杜乐莹决定重启人生，在拳台与现实中完成自我和解。', '春节档/女性成长/运动励志/近五年经典', 2024,
 '贾玲:1276155|雷佳音:1274239|张小斐:1316761|沙溢:1274384', '贾玲:1276155'),

(90000001, '奥本海默', 'Oppenheimer', '基里安·墨菲/艾米莉·布朗特/小罗伯特·唐尼/马特·达蒙',
 'https://img9.doubanio.com/view/photo/s_ratio_poster/public/p2900248583.jpg', '克里斯托弗·诺兰', 8.8, 1054321,
 '剧情/传记/历史', 'tt15398776', '英语', 180, 'https://movie.douban.com/subject/35575567/', '美国/英国', '2023-08-30', 'oppenheimer',
 '围绕“原子弹之父”奥本海默展开，呈现科学、权力与伦理的冲突。', '传记/历史/奥斯卡/近五年经典', 2023,
 '基里安·墨菲:9001101|艾米莉·布朗特:9001102|小罗伯特·唐尼:9001103|马特·达蒙:9001104', '克里斯托弗·诺兰:9002101'),

(90000002, '沙丘2', 'Dune: Part Two', '提莫西·查拉梅/赞达亚/丽贝卡·弗格森/哈维尔·巴登',
 'https://img2.doubanio.com/view/photo/s_ratio_poster/public/p2903760274.jpg', '丹尼斯·维伦纽瓦', 8.5, 702113,
 '科幻/动作/冒险', 'tt15239678', '英语', 166, 'https://movie.douban.com/subject/30314848/', '美国/加拿大', '2024-03-08', 'dune2',
 '保罗在厄拉科斯崛起，走向预言中的命运，同时也被命运反噬。', '太空歌剧/史诗/IMAX/近五年经典', 2024,
 '提莫西·查拉梅:9001105|赞达亚:9001106|丽贝卡·弗格森:9001107|哈维尔·巴登:9001108', '丹尼斯·维伦纽瓦:9002102'),

(25845392, '长津湖', 'The Battle at Lake Changjin', '吴京/易烊千玺/段奕宏/朱亚文',
 'https://img1.doubanio.com/view/photo/s_ratio_poster/public/p2673412189.jpg', '陈凯歌/徐克/林超贤', 7.4, 926541,
 '剧情/历史/战争', 'tt13462900', '汉语普通话', 176, 'https://movie.douban.com/subject/25845392/', '中国大陆/中国香港', '2021-09-30', 'changjinhu',
 '抗美援朝战场上，志愿军在极寒条件下完成关键阻击任务。', '战争/历史/群像/近五年经典', 2021,
 '吴京:1000525|易烊千玺:1325123|段奕宏:1274774|朱亚文:1274238', '陈凯歌:1023040|徐克:1274307|林超贤:1274275'),

(90000003, '蜘蛛侠：英雄无归', 'Spider-Man: No Way Home', '汤姆·赫兰德/赞达亚/本尼迪克特·康伯巴奇/雅各布·巴塔伦',
 'https://img9.doubanio.com/view/photo/s_ratio_poster/public/p2875299559.jpg', '乔·沃茨', 8.1, 812334,
 '动作/科幻/奇幻', 'tt10872600', '英语', 148, 'https://movie.douban.com/subject/26933210/', '美国', '2021-12-17', 'spidermannowayhome',
 '身份暴露后，彼得试图修复现实，却引发多元宇宙危机。', '漫威/多元宇宙/超级英雄/近五年经典', 2021,
 '汤姆·赫兰德:9001109|赞达亚:9001106|本尼迪克特·康伯巴奇:9001110|雅各布·巴塔伦:9001111', '乔·沃茨:9002103'),

(30474725, '满江红', 'Full River Red', '沈腾/易烊千玺/张译/雷佳音',
 'https://img2.doubanio.com/view/photo/s_ratio_poster/public/p2895291376.jpg', '张艺谋', 7.0, 1214021,
 '剧情/喜剧/悬疑', 'tt21181940', '汉语普通话', 159, 'https://movie.douban.com/subject/30474725/', '中国大陆', '2023-01-22', 'manjianghong',
 '南宋绍兴年间，一桩密信失踪案引发层层反转与群像博弈。', '悬疑/古装/高票房/近五年经典', 2023,
 '沈腾:1274259|易烊千玺:1325123|张译:1274761|雷佳音:1274239', '张艺谋:1054428'),

(34780991, '封神第一部：朝歌风云', 'Creation of the Gods I', '费翔/李雪健/黄渤/于适',
 'https://img1.doubanio.com/view/photo/s_ratio_poster/public/p2897226054.jpg', '乌尔善', 7.7, 1025683,
 '动作/战争/奇幻', 'tt6979756', '汉语普通话', 148, 'https://movie.douban.com/subject/34780991/', '中国大陆', '2023-07-20', 'fengshendiyibu',
 '商周更迭前夜，少年姬发在人神权谋之间作出抉择。', '神话史诗/奇幻/系列电影/近五年经典', 2023,
 '费翔:1041022|李雪健:1274841|黄渤:1274242|于适:1463599', '乌尔善:1316699'),

(90000004, '壮志凌云2：独行侠', 'Top Gun: Maverick', '汤姆·克鲁斯/迈尔斯·特勒/詹妮弗·康纳利/方·基默',
 'https://img1.doubanio.com/view/photo/s_ratio_poster/public/p2871106106.jpg', '约瑟夫·科辛斯基', 8.7, 653402,
 '动作/剧情', 'tt1745960', '英语', 131, 'https://movie.douban.com/subject/3042261/', '美国', '2022-05-27', 'topgunmaverick',
 '传奇飞行员重返海军学校，训练新一代执行高风险任务。', '航空/动作/情怀续作/近五年经典', 2022,
 '汤姆·克鲁斯:9001112|迈尔斯·特勒:9001113|詹妮弗·康纳利:9001114|方·基默:9001115', '约瑟夫·科辛斯基:9002104'),

(34841067, '你好，李焕英', 'Hi, Mom', '贾玲/张小斐/沈腾/陈赫',
 'https://img3.doubanio.com/view/photo/s_ratio_poster/public/p2629056068.jpg', '贾玲', 7.7, 1456702,
 '剧情/喜剧/奇幻', 'tt14188440', '汉语普通话', 128, 'https://movie.douban.com/subject/34841067/', '中国大陆', '2021-02-12', 'nihaolihuanying',
 '女儿意外穿越回母亲青年时代，试图“改写”母亲命运。', '亲情/喜剧/女性叙事/近五年经典', 2021,
 '贾玲:1276155|张小斐:1316761|沈腾:1274259|陈赫:1315500', '贾玲:1276155');

INSERT INTO cinema (cinema_id, cinema_name, region_code, address, cinema_status, created_time) VALUES
(1, '北京朝阳万达影城', 'CN-BJ', '北京市朝阳区建国路93号万达广场6层', 'OPEN', '2024-01-01 09:00:00'),
(2, '上海陆家嘴百丽宫影城', 'CN-SH', '上海市浦东新区陆家嘴环路1000号L+Mall 5层', 'OPEN', '2024-01-01 09:00:00'),
(3, '成都太古里CGV影城', 'CN-SC', '成都市锦江区中纱帽街8号太古里B1层', 'OPEN', '2024-01-01 09:00:00'),
(4, '深圳南山英皇电影城', 'CN-GD', '深圳市南山区海德三道15号', 'OPEN', '2024-01-01 09:00:00'),
(5, '杭州滨江万象影城', 'CN-ZJ', '杭州市滨江区江南大道228号', 'OPEN', '2024-01-01 09:00:00');

INSERT INTO hall (hall_id, cinema_id, hall_name, seat_count, hall_status, created_time) VALUES
(1, 1, 'IMAX厅', 12, 'ACTIVE', '2024-01-02 10:00:00'),
(2, 1, '2号厅', 10, 'ACTIVE', '2024-01-02 10:00:00'),
(3, 2, '杜比全景声厅', 12, 'ACTIVE', '2024-01-02 10:00:00'),
(4, 2, '4号厅', 10, 'ACTIVE', '2024-01-02 10:00:00'),
(5, 3, '巨幕厅', 8, 'ACTIVE', '2024-01-02 10:00:00');

INSERT INTO seat (seat_id, hall_id, row_no, col_no, seat_type, seat_status) VALUES
(1,1,1,1,'STANDARD','AVAILABLE'),(2,1,1,2,'STANDARD','AVAILABLE'),(3,1,1,3,'STANDARD','AVAILABLE'),(4,1,1,4,'PREMIUM','AVAILABLE'),
(5,1,2,1,'STANDARD','AVAILABLE'),(6,1,2,2,'STANDARD','AVAILABLE'),(7,1,2,3,'STANDARD','AVAILABLE'),(8,1,2,4,'PREMIUM','AVAILABLE'),
(9,1,3,1,'STANDARD','AVAILABLE'),(10,1,3,2,'STANDARD','AVAILABLE'),(11,1,3,3,'STANDARD','AVAILABLE'),(12,1,3,4,'PREMIUM','AVAILABLE'),
(13,2,1,1,'STANDARD','AVAILABLE'),(14,2,1,2,'STANDARD','AVAILABLE'),(15,2,1,3,'STANDARD','AVAILABLE'),(16,2,1,4,'STANDARD','AVAILABLE'),(17,2,1,5,'PREMIUM','AVAILABLE'),
(18,2,2,1,'STANDARD','AVAILABLE'),(19,2,2,2,'STANDARD','AVAILABLE'),(20,2,2,3,'STANDARD','AVAILABLE'),(21,2,2,4,'STANDARD','AVAILABLE'),(22,2,2,5,'PREMIUM','AVAILABLE'),
(23,3,1,1,'STANDARD','AVAILABLE'),(24,3,1,2,'STANDARD','AVAILABLE'),(25,3,1,3,'STANDARD','AVAILABLE'),(26,3,1,4,'PREMIUM','AVAILABLE'),
(27,3,2,1,'STANDARD','AVAILABLE'),(28,3,2,2,'STANDARD','AVAILABLE'),(29,3,2,3,'STANDARD','AVAILABLE'),(30,3,2,4,'PREMIUM','AVAILABLE'),
(31,3,3,1,'STANDARD','AVAILABLE'),(32,3,3,2,'STANDARD','AVAILABLE'),(33,3,3,3,'STANDARD','AVAILABLE'),(34,3,3,4,'PREMIUM','AVAILABLE'),
(35,4,1,1,'STANDARD','AVAILABLE'),(36,4,1,2,'STANDARD','AVAILABLE'),(37,4,1,3,'STANDARD','AVAILABLE'),(38,4,1,4,'STANDARD','AVAILABLE'),(39,4,1,5,'PREMIUM','AVAILABLE'),
(40,4,2,1,'STANDARD','AVAILABLE'),(41,4,2,2,'STANDARD','AVAILABLE'),(42,4,2,3,'STANDARD','AVAILABLE'),(43,4,2,4,'STANDARD','AVAILABLE'),(44,4,2,5,'PREMIUM','AVAILABLE'),
(45,5,1,1,'STANDARD','AVAILABLE'),(46,5,1,2,'STANDARD','AVAILABLE'),(47,5,1,3,'STANDARD','AVAILABLE'),(48,5,1,4,'COUPLE','AVAILABLE'),
(49,5,2,1,'STANDARD','AVAILABLE'),(50,5,2,2,'STANDARD','AVAILABLE'),(51,5,2,3,'STANDARD','AVAILABLE'),(52,5,2,4,'COUPLE','AVAILABLE');

INSERT INTO schedule (
  schedule_id, movie_id, cinema_id, hall_id, start_time, end_time,
  ticket_price, language, version, schedule_status, created_time
) VALUES
(1001, 35267208, 1, 1, '2026-03-24 10:00:00', '2026-03-24 12:53:00', 72.00, '汉语普通话', 'IMAX 2D', 'ON_SALE', '2026-03-21 08:00:00'),
(1002, 36779979, 1, 2, '2026-03-24 11:00:00', '2026-03-24 13:09:00', 56.00, '汉语普通话', '2D', 'ON_SALE', '2026-03-21 08:00:00'),
(1003, 90000001, 2, 3, '2026-03-24 14:00:00', '2026-03-24 17:00:00', 68.00, '英语', '杜比 2D', 'ON_SALE', '2026-03-21 08:00:00'),
(1004, 90000002, 2, 3, '2026-03-24 18:20:00', '2026-03-24 21:06:00', 76.00, '英语', 'IMAX 2D', 'ON_SALE', '2026-03-21 08:00:00'),
(1005, 25845392, 2, 4, '2026-03-24 20:10:00', '2026-03-24 23:06:00', 62.00, '汉语普通话', '2D', 'ON_SALE', '2026-03-21 08:00:00'),
(1006, 90000003, 1, 1, '2026-03-25 10:30:00', '2026-03-25 12:58:00', 65.00, '英语', 'IMAX 3D', 'ON_SALE', '2026-03-21 08:00:00'),
(1007, 30474725, 3, 5, '2026-03-25 13:40:00', '2026-03-25 16:19:00', 58.00, '汉语普通话', '2D', 'ON_SALE', '2026-03-21 08:00:00'),
(1008, 34780991, 2, 4, '2026-03-25 16:30:00', '2026-03-25 18:58:00', 64.00, '汉语普通话', 'IMAX 2D', 'ON_SALE', '2026-03-21 08:00:00'),
(1009, 90000004, 1, 2, '2026-03-25 19:30:00', '2026-03-25 21:41:00', 66.00, '英语', '2D', 'ON_SALE', '2026-03-21 08:00:00'),
(1010, 34841067, 3, 5, '2026-03-25 20:30:00', '2026-03-25 22:38:00', 52.00, '汉语普通话', '2D', 'ON_SALE', '2026-03-21 08:00:00'),
(1011, 35267208, 2, 3, '2026-03-26 09:50:00', '2026-03-26 12:43:00', 69.00, '汉语普通话', 'CINITY 3D', 'ON_SALE', '2026-03-21 08:00:00'),
(1012, 90000001, 1, 1, '2026-03-26 13:20:00', '2026-03-26 16:20:00', 70.00, '英语', 'IMAX 2D', 'ON_SALE', '2026-03-21 08:00:00'),
(1013, 90000002, 2, 3, '2026-03-26 17:10:00', '2026-03-26 19:56:00', 78.00, '英语', '杜比 2D', 'ON_SALE', '2026-03-21 08:00:00'),
(1014, 36779979, 3, 5, '2026-03-26 18:40:00', '2026-03-26 20:49:00', 54.00, '汉语普通话', '2D', 'ON_SALE', '2026-03-21 08:00:00'),
(1015, 30474725, 1, 2, '2026-03-26 21:10:00', '2026-03-26 23:49:00', 57.00, '汉语普通话', '4K', 'ON_SALE', '2026-03-21 08:00:00');

INSERT INTO ticket_order (
  order_id, order_no, user_id, schedule_id, seat_id,
  payment_amount, order_status, order_time, paid_time
) VALUES
(5101, 'MO202603240001', 1, 1001, 2, 72.00, 'PAID',     '2026-03-23 09:12:23', '2026-03-23 09:13:02'),
(5102, 'MO202603240002', 2, 1001, 5, 72.00, 'PAID',     '2026-03-23 09:35:41', '2026-03-23 09:36:09'),
(5103, 'MO202603240003', 3, 1002, 14, 56.00, 'PAID',    '2026-03-23 10:02:18', '2026-03-23 10:02:58'),
(5104, 'MO202603240004', 4, 1003, 24, 68.00, 'PAID',    '2026-03-23 10:20:11', '2026-03-23 10:20:47'),
(5105, 'MO202603240005', 5, 1004, 25, 76.00, 'PAID',    '2026-03-23 11:08:26', '2026-03-23 11:09:03'),
(5106, 'MO202603240006', 6, 1005, 36, 62.00, 'CREATED', '2026-03-23 11:55:09', NULL),
(5107, 'MO202603240007', 7, 1006, 6,  65.00, 'PAID',    '2026-03-23 12:10:17', '2026-03-23 12:11:02'),
(5108, 'MO202603240008', 8, 1007, 46, 58.00, 'PAID',    '2026-03-23 12:34:55', '2026-03-23 12:35:39'),
(5109, 'MO202603240009', 9, 1008, 37, 64.00, 'CANCELED','2026-03-23 13:05:04', NULL),
(5110, 'MO202603240010',10, 1009, 15, 66.00, 'PAID',    '2026-03-23 13:16:20', '2026-03-23 13:16:52'),
(5111, 'MO202603240011',11, 1010, 47, 52.00, 'PAID',    '2026-03-23 13:40:31', '2026-03-23 13:41:12'),
(5112, 'MO202603240012',12, 1011, 26, 69.00, 'PAID',    '2026-03-23 14:03:08', '2026-03-23 14:03:44'),
(5113, 'MO202603240013',13, 1012, 3,  70.00, 'PAID',    '2026-03-23 14:26:19', '2026-03-23 14:26:57'),
(5114, 'MO202603240014',14, 1013, 27, 78.00, 'PAID',    '2026-03-23 17:05:11', '2026-03-23 17:05:40'),
(5115, 'MO202603240015',15, 1014, 48, 54.00, 'PAID',    '2026-03-23 17:44:53', '2026-03-23 17:45:24'),
(5116, 'MO202603240016', 1, 1015, 16, 57.00, 'PAID',    '2026-03-23 18:12:07', '2026-03-23 18:12:29'),
(5117, 'MO202603240017', 2, 1004, 28, 76.00, 'REFUNDED','2026-03-23 18:36:32', '2026-03-23 18:37:10'),
(5118, 'MO202603240018', 3, 1003, 31, 68.00, 'PAID',    '2026-03-23 19:02:16', '2026-03-23 19:02:53'),
(5119, 'MO202603240019', 4, 1002, 17, 56.00, 'PAID',    '2026-03-23 19:28:40', '2026-03-23 19:29:09'),
(5120, 'MO202603240020', 5, 1007, 49, 58.00, 'CREATED', '2026-03-23 19:45:02', NULL),
(5121, 'MO202603240021', 6, 1011, 29, 69.00, 'PAID',    '2026-03-23 20:03:25', '2026-03-23 20:04:04'),
(5122, 'MO202603240022', 7, 1012, 4,  70.00, 'PAID',    '2026-03-23 20:26:51', '2026-03-23 20:27:30'),
(5123, 'MO202603240023', 8, 1013, 30, 78.00, 'PAID',    '2026-03-23 20:44:16', '2026-03-23 20:44:51'),
(5124, 'MO202603240024', 9, 1010, 50, 52.00, 'PAID',    '2026-03-23 21:01:33', '2026-03-23 21:02:08');

INSERT INTO payment_record (
  payment_id, order_id, payment_channel, payment_amount,
  payment_status, transaction_no, payment_time, created_time
) VALUES
(7101, 5101, 'WECHAT',    72.00, 'SUCCESS',  'WX202603240001', '2026-03-23 09:13:02', '2026-03-23 09:12:23'),
(7102, 5102, 'ALIPAY',    72.00, 'SUCCESS',  'ZFB202603240002', '2026-03-23 09:36:09', '2026-03-23 09:35:41'),
(7103, 5103, 'WECHAT',    56.00, 'SUCCESS',  'WX202603240003', '2026-03-23 10:02:58', '2026-03-23 10:02:18'),
(7104, 5104, 'ALIPAY',    68.00, 'SUCCESS',  'ZFB202603240004', '2026-03-23 10:20:47', '2026-03-23 10:20:11'),
(7105, 5105, 'WECHAT',    76.00, 'SUCCESS',  'WX202603240005', '2026-03-23 11:09:03', '2026-03-23 11:08:26'),
(7106, 5107, 'BANK_CARD', 65.00, 'SUCCESS',  'BK202603240006', '2026-03-23 12:11:02', '2026-03-23 12:10:17'),
(7107, 5108, 'ALIPAY',    58.00, 'SUCCESS',  'ZFB202603240007', '2026-03-23 12:35:39', '2026-03-23 12:34:55'),
(7108, 5109, 'WECHAT',    64.00, 'FAILED',   'WX202603240008', '2026-03-23 13:05:36', '2026-03-23 13:05:04'),
(7109, 5110, 'WECHAT',    66.00, 'SUCCESS',  'WX202603240009', '2026-03-23 13:16:52', '2026-03-23 13:16:20'),
(7110, 5111, 'ALIPAY',    52.00, 'SUCCESS',  'ZFB202603240010', '2026-03-23 13:41:12', '2026-03-23 13:40:31'),
(7111, 5112, 'WECHAT',    69.00, 'SUCCESS',  'WX202603240011', '2026-03-23 14:03:44', '2026-03-23 14:03:08'),
(7112, 5113, 'APPLE_PAY', 70.00, 'SUCCESS',  'AP202603240012', '2026-03-23 14:26:57', '2026-03-23 14:26:19'),
(7113, 5114, 'ALIPAY',    78.00, 'SUCCESS',  'ZFB202603240013', '2026-03-23 17:05:40', '2026-03-23 17:05:11'),
(7114, 5115, 'WECHAT',    54.00, 'SUCCESS',  'WX202603240014', '2026-03-23 17:45:24', '2026-03-23 17:44:53'),
(7115, 5116, 'WECHAT',    57.00, 'SUCCESS',  'WX202603240015', '2026-03-23 18:12:29', '2026-03-23 18:12:07'),
(7116, 5117, 'ALIPAY',    76.00, 'SUCCESS',  'ZFB202603240016', '2026-03-23 18:37:10', '2026-03-23 18:36:32'),
(7117, 5117, 'ALIPAY',    76.00, 'REFUNDED', 'RF202603250001', '2026-03-25 10:15:07', '2026-03-25 10:14:45'),
(7118, 5118, 'WECHAT',    68.00, 'SUCCESS',  'WX202603240017', '2026-03-23 19:02:53', '2026-03-23 19:02:16'),
(7119, 5119, 'ALIPAY',    56.00, 'SUCCESS',  'ZFB202603240018', '2026-03-23 19:29:09', '2026-03-23 19:28:40'),
(7120, 5121, 'BANK_CARD', 69.00, 'SUCCESS',  'BK202603240019', '2026-03-23 20:04:04', '2026-03-23 20:03:25'),
(7121, 5122, 'WECHAT',    70.00, 'SUCCESS',  'WX202603240020', '2026-03-23 20:27:30', '2026-03-23 20:26:51'),
(7122, 5123, 'ALIPAY',    78.00, 'SUCCESS',  'ZFB202603240021', '2026-03-23 20:44:51', '2026-03-23 20:44:16'),
(7123, 5124, 'WECHAT',    52.00, 'SUCCESS',  'WX202603240022', '2026-03-23 21:02:08', '2026-03-23 21:01:33');

-- Note:
-- 1) Current MySQL schema does not contain refund_apply / coupon tables.
-- 2) Refund behavior is represented by ticket_order.order_status='REFUNDED' and payment_record.payment_status='REFUNDED'.

